{"_timestamp":1.7372837286132023e+09,"_runtime":20.510858199,"_step":0,"_wandb":{"runtime":20},"Client 140628973911440 continual Batch Accuracy":0.7149999737739563}