{"Client 140605052351104 reset_each_shift Batch Accuracy":0.7149999737739563,"_step":584,"_wandb":{"runtime":198},"_timestamp":1.7372841179352918e+09,"Client 140606313534448 continual Batch Accuracy":0.7849999666213989,"_runtime":198.491851915,"Client 140604779584320 reset_each_shift Batch Accuracy":0.7149999737739563,"Client 140605985326128 continual Batch Accuracy":0.7649999856948853,"Client 140604775736576 continual Batch Accuracy":0.7649999856948853,"Global Average Batch Accuracy":0.7224999904632569,"Client 140605985329968 mixed_domains Batch Accuracy":0.675000011920929,"Client 140604779488224 mixed_domains Batch Accuracy":0.675000011920929,"Client 140604777990224 reset_each_shift Batch Accuracy":0.7149999737739563,"Client 140604779418464 mixed_domains Batch Accuracy":0.675000011920929,"Client 140604779494896 continual Batch Accuracy":0.7849999666213989}